NAME,URL,EMAIL,WEBSITE
淘喜地-素食養生無蛋烘焙,https://www.iyp.com.tw/0222623448,tasty99746488@gmail.com,https://www.tastyfood.com.tw/
百佳(龍泰)創意烘焙坊,https://www.iyp.com.tw/0223924578,zt4578@yahoo.com.tw,http://www.ztcake.com.tw
宇軒食品有限公司,https://www.iyp.com.tw/0226731650,js.j02@msa.hinet.net,http://www.yuxuan-food.com
"萬果有限公司 C.H.SWEET CO., LTD",https://www.iyp.com.tw/0229388859,candyhos@ms68.hinet.net,http://www.sweetsselection.com.tw
新丸天休閒食品,https://www.iyp.com.tw/073382371,jdcolor2003@gmail.com,http://www.good-seeds.com
松貝進口食品精品百貨,https://www.iyp.com.tw/075811223,joeicookie@yahoo.com.tw,http://www.sung-bei.com.tw
名記食品企業有限公司,https://www.iyp.com.tw/082322930,s39831024@gmail.com,http://minjih.com
日香食品行,https://www.iyp.com.tw/0492642540-1,jihhsiang888@gmail.com,http://www.0492642540.com.tw
法瑪莉烘焙坊,https://www.iyp.com.tw/062737261,petitparis1989@gmail.com,http://www.petit-paris-tw.com
龍虎商行,https://www.iyp.com.tw/073506426,Lofu168@gmail.com,http://www.lofu.com.tw
奕順軒食品股份有限公司,https://www.iyp.com.tw/039550216,yss266@yahoo.com.tw,http://www.pon.com.tw
立盟食品有限公司,https://www.iyp.com.tw/0222766500,emo.foods@msa.hinet.net,http://www.emofoods.com.tw
小林煎餅股份有限公司,https://www.iyp.com.tw/0426830637,xlcookie@xlcookie.com.tw,http://www.xlcookie.com.tw
日日香食品有限公司,https://www.iyp.com.tw/048886873,lai.chao@msa.hinet.net,http://www.rrs.com.tw
QUOTES天天幸運餅,https://www.iyp.com.tw/039612488,goodluckforyou8@gmail.com,http://www.quotescookie.com/
阿法法烘焙舖子,https://www.iyp.com.tw/0222152677,yfafa@hotmail.com,
冠昇食品工業股份有限公司,https://www.iyp.com.tw/037583941,foodks@gmail.com,
薰妹烘焙屋,https://www.iyp.com.tw/052755763,lzs_1130@yahoo.com.tw,
駿弘商行,https://www.iyp.com.tw/0425220145,mingyao333@yahoo.com.tw,
松貝企業社,https://www.iyp.com.tw/075811223-1,joeicookie@yahoo.com.tw,http://www.sung-bei.com.tw
